{
    "Я спокоен": 1.3333333333333333,
    "Мне ничто не угрожает": 1.0,
    "Я нахожусь в напряжении": -0.6666666666666666,
    "Я испытываю сожаление": 0.0,
    "Я чувствую себя свободно": 1.0,
    "Я растроен": -0.3333333333333333,
    "Меня волнуют возможные неудачи": -0.3333333333333333,
    "Я чувствую себя отдохнувшим": 2.0,
    "Я встревожен": -0.6666666666666666,
    "Я испытываю чувство внутреннего удовлетворения": 1.3333333333333333,
    "Я уверен в себе": 1.0,
    "Я нервничаю": -0.6666666666666666,
    "Я не нахожу себе места": 0.0,
    "Я взвинчен": -0.3333333333333333,
    "Я не чувствую скованности": 1.3333333333333333,
    "Я доволен": 1.3333333333333333,
    "Я озабочен": -1.0,
    "Я слишком возбужден и мне не по себе": -1.6666666666666667,
    "Мне радостно": 0.6666666666666666,
    "Мне приятно": 0.3333333333333333
}